{"cameraMode":{"drawMode":0,"name":"Shaded","section":"Shading Mode"},"sceneLighting":true,"audioPlay":false,"sceneViewState":{"m_AlwaysRefresh":false,"showFog":true,"showSkybox":true,"showFlares":true,"showImageEffects":true,"showParticleSystems":true,"showVisualEffectGraphs":true,"m_FxEnabled":true},"in2DMode":false,"pivot":{"x":511.6966552734375,"y":126.82000732421875,"z":149.41000366210938},"rotation":{"x":0.3909437954425812,"y":0.07082783430814743,"z":-0.03025827556848526,"w":0.9172275066375732},"size":51.91569519042969,"orthographic":false}